,ATA,ATC,ATT,ATG,ACA,ACC,ACG,ACT,AAC,AAT,AAA,AAG,AGC,AGT,AGA,AGG,CTA,CTC,CTG,CTT,CCA,CCC,CCG,CCT,CAC,CAT,CAA,CAG,CGA,CGC,CGG,CGT,GTA,GTC,GTG,GTT,GCA,GCC,GCG,GCT,GAC,GAT,GAA,GAG,GGA,GGC,GGG,GGT,TCA,TCC,TCG,TCT,TTC,TTT,TTA,TTG,TAC,TAT,TGC,TGT,TGG
Lung,0.476266087191663,-0.34527365173088,0.324060379758769,0.013976029336736,0.238151072899766,-0.354284919933259,-0.468308569406984,0.25341660005201,-0.20680026728122,0.459057994377563,0.612338245346643,0.016764163123603,-0.308198780394976,0.42965192572126,0.520769999138153,0.076284005375948,0.355396152032683,-0.322263935540675,-0.384109233949487,0.386423584660597,0.227401360691887,-0.446324677386256,-0.52142577660132,0.210061091067578,-0.274072183996857,0.48040245114435,0.411380194452735,-0.051286737436786,0.345041219481253,-0.502938680624502,-0.270907750388212,0.307186409516953,0.598205134558769,-0.289584161040123,-0.280603211815611,0.440550052750307,0.215493858801654,-0.375190890292036,-0.514794053109771,0.148799779099999,-0.303119402818781,0.414062483026724,0.578465415092198,-0.207338314333016,0.150527809889988,-0.498090125023424,-0.329122537859446,0.260832171699222,0.341192892497966,-0.241405521584812,-0.383598198196761,0.389872742479851,-0.306051051557707,0.313833734214298,0.659074772725911,0.365981578615914,-0.231765163058119,0.333907547622785,-0.385566833646503,0.171072779242617,-0.166638478584624
Breast,-0.567565126887479,-0.351976464798113,-0.52420605155179,-0.270298808075165,-0.045969855669373,0.179945272062481,0.089567684937904,-0.025943071289715,0.089036076458498,-0.187018494937178,-0.030372130904587,0.156569386441809,0.455319520562592,0.147071003840989,-0.020371883619753,0.344578334812905,-0.3412472898257,-0.127652536397474,-0.107022715426472,-0.540083515489129,0.134263610515809,0.49962099619195,0.470275109808492,0.063039277119343,0.269535662925815,-0.160704860728031,0.049064154871969,0.159145459921097,-0.134078972898882,0.413091488795594,0.199692432165485,0.082221219145524,-0.251335029202627,-0.083721228789213,-0.098460164042529,-0.430447725835052,-0.12070599313349,0.147397113114706,0.121028820105146,-0.167971069096803,0.215097012284789,-0.16579889516483,-0.100212748164426,0.328843911380376,-0.190663236501197,0.299848375924241,0.265838799788498,-0.02632326672981,0.097427224988004,0.353434821106433,0.458570233666156,0.030906788675095,-0.267413326265932,-0.564464315663322,-0.471065566744364,-0.375380192266777,-0.207729746513261,-0.395969223650316,0.561583797035778,0.247992920915471,-0.307681979124221
Skin,0.143413289798403,-0.198093549400444,0.065434736031771,-0.071606399927543,0.248789565673571,-0.020238015102531,-0.341460863173893,0.266923827681658,0.128123328481227,0.38955104576829,0.075173875995737,-0.310724256259545,-0.002893755425089,0.264836256486114,0.188503898963662,-0.111684699741886,0.061406330126848,-0.061648539638901,-0.220422194613806,0.192996756078344,0.333752374432993,-0.094591632991416,-0.31863295336036,0.342774490982302,-0.166882020859405,0.178496515198688,0.323858801220741,-0.124577904480409,-0.185144477346404,-0.416015860167502,-0.404327733029492,-0.073058567923961,0.109147429814168,-0.097146885806387,-0.169209391873866,0.243558305713768,-0.065436034935927,-0.214938380729541,-0.477531600264964,0.055811189514095,-0.027509335469948,0.274724400462954,0.281180966044039,-0.135452566121202,0.471949534061183,-0.096670617257754,0.071595011565883,0.276812753974834,0.225797854371789,0.018560556911061,-0.11374601831708,0.293845029782525,-0.093902436083971,0.093542255529699,0.115508884884256,0.166409912148649,0.06076955591143,0.344503073083661,0.15735799850882,0.528943679534962,0.116967245404585
Spleen,0.468914146264446,0.098746955504904,0.266772872107784,0.133126164322613,0.219128017223316,-0.057174846093773,-0.127601636132572,0.239367573021806,0.032142739614815,0.363400458313429,0.363962635927142,0.092620866231925,-0.191118651801029,0.147326053778533,0.269258011717758,-0.111898245889135,0.250897754414729,-0.096775818907702,-0.166598868398191,0.33093765178497,-0.053000581343609,-0.433486125157165,-0.553363401329243,-0.073061845190481,-0.321203001235957,0.076833092869594,0.458992849633397,-0.061264078093222,-0.100412707608093,-0.381061757093253,-0.364512709234248,-0.119055560374843,0.206784282477651,-0.049521421855066,-0.138247919161844,0.354611406259858,0.132749759087861,-0.279223297601995,-0.488549232431287,0.147575757475519,-0.127223964049859,0.298577968562374,0.421025521600199,-0.13806091887969,0.088252090048049,-0.322156552985767,-0.382127413764044,-0.08515252683773,0.168857352569034,-0.113037433760932,-0.392943260502334,0.175260035989377,-0.070766808320438,0.360353885170154,0.723336017981203,0.297381494502634,-0.152871075075717,0.405746935840535,-0.214865179394553,-0.043556379981651,-0.119501637226831
Heart,0.007490997334882,0.043926504110392,-0.037592607364465,-0.008928559494248,-0.038920495022562,0.008925398109514,0.114170912074744,0.043648995715346,-0.069371480798589,-0.048035345717834,-0.214858890560229,-0.284834273615059,0.067694604634206,-0.010996457093603,0.020800947702581,0.126644808302303,0.114970635800291,0.076175801779495,0.182545911927519,0.128632695334946,0.009755581489807,0.078140832474648,0.243628352314802,-0.016800523960165,0.053339948844129,0.05795377037855,-0.110811385670025,-0.038155967670057,-0.065602396513018,0.119225566230274,0.162195321404155,-0.019587488688376,0.014425493633835,0.104510946044566,0.07107414388224,-0.000459587111165,-0.011679282348043,0.051450194560644,0.357691535425342,-0.026308658675893,-0.165165133414764,-0.223849220190486,-0.203300475895261,-0.155640355497072,0.032569626521509,0.052748245809724,0.084883366535006,-0.046099112483002,-0.048644304257409,-0.012945104576597,0.08430756198122,-8.46424320825192E-06,0.088988352898778,0.006104177002992,0.002687039564536,0.115568651939251,0.092371712501459,0.119408765776578,0.088791730062727,0.131077992813407,0.318920223182578
Liver,-0.159472179850199,0.042605558759635,-0.006888753974342,0.029525250501357,-0.123017498955777,-0.022948072222663,0.086171630513441,-0.03653612438179,-0.124082826535462,-0.20375549160192,-0.085342677180236,0.142456240229929,-0.06537129515367,-0.100496214855816,0.040634330584311,0.055333363255356,-0.080149104083877,-0.045345510388367,0.06081133252197,0.032199226419666,0.016241333171713,0.119284210678945,0.13061776317923,0.011543105182592,0.102037594080286,0.031275440098792,-0.177665988223821,-0.033667802897094,0.061849740827461,0.23334582290236,0.325755225251606,0.154595935004948,-0.052663279851562,0.048505693945244,0.060064756557643,0.077452563972106,0.069331715018807,0.148681915389,0.108758449519385,0.082711932363652,-0.077532566105935,-0.11088799675001,-0.088632917899472,-0.00245388019766,-0.078353107054002,0.081662185131296,-0.014176035331648,0.007174094903325,-0.092526962815053,0.015364816622315,0.07930290182662,-0.104824390820321,-0.090684640395778,-0.054318083842698,-0.013106641274639,-0.043980227884532,-0.069968565068929,-0.08161178859607,0.007489408760337,-0.101203678188076,-0.091555281046802
Salivarygland,0.478811325430944,-0.073865393415122,0.335026199165201,0.093966243180969,0.18709095615492,-0.135247475818631,-0.28879255790033,0.16800711273584,-0.033546742375749,0.312285474761993,0.311225601265966,-0.008741812992616,-0.174591550427352,0.106909819936372,0.180590756766538,-0.072007515666156,0.245723965851823,-0.099154655227793,-0.155492157337895,0.350371451462302,-0.046132629874321,-0.398693669725726,-0.274464486841983,0.008134759941577,-0.137449562223715,0.237525860566076,0.259762406106955,-0.131583398723942,0.192060434220278,-0.193439651658802,-0.238894163424934,-0.028618168989294,0.403794433340981,-0.074018433723567,-0.122851371927291,0.388355920741655,0.105612199813963,-0.212457581533046,-0.297851510625582,0.074251622897695,-0.107956756830351,0.154297661580775,0.245077250269183,-0.136715752977062,0.060490272766801,-0.283200023879309,-0.291380493708988,0.150610944621967,0.174018866171099,-0.100762683422107,-0.319809984062548,0.111694837543276,-0.037459871949319,0.31594714713491,0.512082980058847,0.137092361143658,0.026116810121224,0.384716829435526,-0.50723398944989,-0.317928688481091,-0.038591975409498
Muscle...Skeletal,-0.206054513790285,0.221824056396906,-0.153667068171837,0.042177236909892,-0.223776219166471,0.076587130034547,0.139149878054402,-0.153490555988074,-0.029126242556482,-0.329278949187406,-0.301660914117026,0.015426010994483,-0.007759788274567,-0.372120582285679,-0.414864552777739,-0.055538133158164,0.003471525989824,0.200721384864798,0.353863517721289,-0.185157102895255,-0.323031055715131,0.128669512991539,0.156113135293079,-0.153985350997702,0.185715663103634,-0.061200324570775,-0.243022941094981,-0.046648017509807,-0.281074699910842,0.319892823083406,0.228177309009284,-0.174867390138114,-0.192296922410983,0.260232236267813,0.260453711865137,-0.066428821285429,-0.106626822975341,0.22661618235951,0.320151778272217,0.030040828018035,0.097349325804129,-0.265786105275035,-0.283973593157894,0.085733180385189,-0.164481584031007,0.201008991491303,0.244235002581464,-0.102800289728968,-0.352067531811393,-0.066678798992034,-0.050070148668064,-0.238699793603776,0.318901863174896,-0.047281087541277,-0.469888562573233,-0.030069531414978,0.225067471582411,-0.12868183256376,0.172457117015061,0.01393916844332,0.44099041306605
Tonsil,-0.535034946099684,0.010390063073417,-0.543904833659913,-0.114951198541583,-0.365048510530989,0.221023511189747,0.417930964347431,-0.466620250560575,0.016297800271125,-0.546957864172405,-0.342137509080472,0.158219552141981,0.318602487339542,-0.063824092228289,-0.319596495137489,0.138009425360954,-0.363195221564986,0.041984989755697,0.312321116467823,-0.343009880284269,-0.00111231029018,0.45607971481102,0.546069884371002,-0.028185589165895,0.188112872760848,-0.50307257708461,-0.38019274569437,0.292545177833343,0.052906312905566,0.613362430175516,0.621606341112169,0.293470002589785,-0.448711028651864,0.108637731397518,0.045635100020555,-0.522703189257805,-0.031616446599613,0.411691071105056,0.508056254972234,-0.111289768621888,0.196046418660176,-0.362284260599793,-0.371145413917521,0.357634897791758,-0.335762370645036,0.371510885272836,0.287004453503922,-0.072062947854753,-0.334135258001579,0.301452482760732,0.667439008097956,-0.173115809422768,0.066320115704842,-0.521047733647166,-0.729493599770877,-0.321960044401395,0.058239013303298,-0.709973745407149,-0.209377060961758,-0.554751616560453,-0.216884886936409
Smallintestine,0.293658220510517,-0.081968084669113,0.195959729468796,0.099019163465454,0.167276222726566,-0.106836069701759,-0.117743648516181,0.139289942479359,-0.046459351343766,0.247606153635995,0.375022444930558,0.182288765700925,-0.141274668640445,0.234875180826099,0.212700824426024,0.051881066551516,0.251656241531775,-0.127022621439286,-0.148756159406151,0.294916536398154,0.021432853664968,-0.202623863281682,-0.284700607405815,-0.020198702693747,-0.133320366100852,0.179642119832089,0.131570771782269,-0.012949480593972,0.205119282905475,-0.308440732987198,-0.07580678260993,0.127487704801424,0.114055111272634,-0.124167943164605,-0.083973333435891,0.19441722541528,0.037604246793438,-0.255376766200559,-0.324695129222849,0.007784469586559,-0.064511271574803,0.226726163896662,0.319078591185196,0.02428178089647,0.051848514060942,-0.335208028252782,-0.25886512042038,-0.040375349096795,0.193314273881967,-0.074784981138115,-0.190380587933032,0.261363266548704,-0.112926563561149,0.152313929782472,0.337418835509167,0.110447964293428,-0.204122499811009,0.122272732644727,-0.610260577253626,-0.15542973716706,-0.191633603611767
Placenta,0.07525513652342,0.132654968901448,0.27076736221624,0.011898840926192,0.213713964612985,-0.040154260013507,-0.084002945202861,0.070341018989901,0.017486985490269,0.210577482672889,0.012553214841185,-0.102172677727091,-0.028236873446654,-0.013938831340659,-0.102979023781855,-0.225237154496079,0.04705226946415,-0.074841413342984,-0.078963033260741,0.192700852759574,-0.076747330979026,-0.256341130876925,-0.306043921869436,-0.161054237071755,-0.248070349933771,0.036644241424929,0.056557076653944,-0.041343555860509,-0.163421343231475,-0.122707063234231,-0.151900817372697,-0.091966735604718,0.275177490632791,0.034833743797813,-0.03660487020187,0.211688728878135,0.138177422956458,-0.124872301009025,-0.280011387534056,0.116023814133206,0.009485642340283,0.232256732276967,0.086023248643967,-0.149556945681329,0.113359740168664,0.062265156402229,-0.156161998456255,0.081843420015148,0.101961204798651,-0.071689102584422,-0.109865014630486,0.063695927826314,-0.026639262154187,0.231777400484844,0.265752466576196,0.187146388819557,0.095664496279785,0.111839508101948,-0.159633262542159,0.001614474353285,-0.023972718632594
Appendices,-0.026284721039806,-0.056286589743818,-0.035422856545635,-0.050175257882662,0.038010715157662,0.010520053474647,0.004327624682597,0.030194632308007,0.119066070096397,0.039791847091862,0.024171182840895,-0.011249493849151,0.022252486341981,0.098374937520928,0.077908984747839,0.076828989697534,-0.045216474433827,0.087227551659618,-0.069768217941506,-0.057349085535715,-0.001979189295974,-0.027724504775973,-0.309180101590954,0.056656319018832,0.039959859846731,0.169253602718959,0.06189723886984,0.009534463115895,-0.038368662223916,-0.132683975778794,-0.288571810558158,-0.213511892047408,-0.084437099130622,-0.094563353609965,-0.064060337382113,-0.119494208706005,-0.068716121229268,-0.04624520792979,-0.372656827167592,0.007191102690546,-0.060271180513232,-0.010996247037395,0.08578344068114,0.027073555731118,-0.071285869951613,-0.138879102204525,-0.072142220690656,-0.224163859677375,0.148823045654183,0.067514429798144,0.040346206954765,0.053996299501179,0.043096032432075,0.03500238717173,-0.030111079352341,0.00547868939754,0.145024169101017,0.21076139435377,0.191018852585474,0.375176949837683,0.226965047032552
Testis,0.053877029199563,0.05732437692947,0.1169788099736,-0.018036193308075,-0.048026631196912,0.000242193295368,-0.034660711202346,-0.007814623867996,-0.01740025256678,0.095245832153993,-0.104917978766463,-0.053682410360074,-0.020778133867509,-0.052126942152996,-0.038684399661383,-0.056157299339059,-0.094463130344808,0.061319999521836,0.010879587578804,0.046741283550713,-0.058820137003405,-0.061158677872691,0.023810457094649,-0.023497049117129,-0.04609695463682,-0.048464211448011,-0.078617694998386,-0.132201293321645,0.015199522532361,0.004994659060555,-0.152525181895496,0.024658218286322,0.113951564743707,0.091325202986077,0.050061380088329,0.111347064723336,-0.041546066575688,-0.019805569623275,-0.190045939135101,-0.008647229135934,0.006155411636907,0.117446677036207,-0.04762860798585,-0.086955824785348,0.097937847542074,0.03083699848444,0.016737428223546,0.147689784063937,0.008820356858219,-0.002178144880101,-0.085542033053159,0.004064894953733,0.054016595143078,0.114740772425179,-0.016833129660841,0.039011994911778,0.050053290472056,0.113066102239049,0.145673540488112,0.001539962138738,0.128930829019295
Rectum,-0.669871442765475,0.304451518392163,-0.538777214542872,-0.154398883988002,-0.353614516747049,0.301079028684072,0.520037779271776,-0.450741854989839,0.030553788182407,-0.692913517307064,-0.80959891272282,0.000294398940822,0.262806114948768,-0.510956180410299,-0.79033826583178,-0.021098585745593,-0.47101000092118,0.466666497740355,0.6434697658903,-0.432138542532202,-0.170109043656666,0.56474531413416,0.562505482423487,-0.243924681495579,0.373930540250175,-0.587839661629801,-0.622194819075948,0.317265554140407,-0.330201333176338,0.684327317450172,0.586119803784432,-0.221528048427651,-0.628290541016758,0.341393127979067,0.38540248995848,-0.69541438333736,-0.235641178397923,0.692091179744314,0.692633155671978,-0.133588323673681,0.342277402861257,-0.444629504385221,-0.608242675348135,0.325048843966138,-0.379099695280386,0.532309940016394,0.421424039674416,-0.308810455367351,-0.46240702926751,0.305855794307794,0.342345955280044,-0.498559646685052,0.343077488039664,-0.394968800034974,-0.843994100254497,-0.384253801781455,0.082671721327055,-0.587058626218684,0.424881664532903,-0.302475198798856,0.103039307714943
Urinarybladder,0.168558037620955,-0.210543504161067,0.153972578031081,0.052376419658932,0.089166498701249,-0.114059963958894,-0.181292738526283,0.015660374314923,0.016176923940353,0.190795358995232,0.21001470638717,0.119930120168436,-0.092660014355595,0.055164616289548,0.215499704551457,0.053512151982702,0.163232229065636,-0.113547852450838,-0.189123409098579,0.188353528095708,-0.015077595577504,-0.297896866112093,-0.212023065031034,-0.079557949802128,0.025283281488255,0.335238669631327,0.260017242358674,-0.003440760432226,0.111870719695832,-0.252344492372319,-0.144229494598064,0.146304586800364,0.207204723870161,-0.208828059567428,-0.123124538576524,0.096589740338264,-0.078858031801601,-0.216474748205157,-0.028824425086221,-0.043045289383594,-0.05343129603308,0.07242144761775,0.120669045745521,0.007415563614836,-0.05502767054346,-0.114652827213444,-0.057869152151046,-0.022818178080677,0.04201402933152,-0.188294944284995,-0.16419350889826,0.119634930809301,-0.094204164312411,0.119971441054031,0.172123081691606,0.037917107484126,0.156362408549884,0.312460381601228,0.056853447691944,0.218528860429269,-0.01443298912985
Prostate,0.374244930130826,-0.084417904900661,0.428376316988545,0.041216845994501,0.316966584122914,-0.054502436323729,-0.376438313015868,0.257221762089607,0.136491796957708,0.462964309401993,0.288839680719141,-0.065696041827894,-0.139425462032327,0.173110071957043,0.330383558950375,-0.024485575242265,0.073949285181141,-0.154031536745535,-0.308965382810684,0.168739133462907,0.172859561332442,-0.294442333250387,-0.424570778238001,0.114146257593859,-0.018611349343231,0.468753680253938,0.282468885330224,-0.124503840046098,-0.088788652456632,-0.460703928737407,-0.37006833160057,0.105639228886657,0.314500163353721,-0.202162691215965,-0.164459385013146,0.231411175886547,0.078806746789022,-0.362576570077683,-0.551735667255961,0.068104603137104,0.034902210591757,0.235264222346284,0.270671867267978,-0.142879739571148,0.192821478991469,-0.324070276440015,-0.199564554483966,0.069823924616647,0.14112114486134,-0.085598794318939,-0.290656460288224,0.191839833892626,-0.123755949019529,0.244680763308698,0.50233998645357,0.090203963246834,-0.055775891489651,0.343955803787006,-0.165301133055079,0.367305623530718,-0.027515257664998
Esophagus,-0.243248782930254,-0.073115716176138,-0.155063761982255,0.017590202773413,0.008656488919225,-0.052639386252677,-0.044762900525278,-0.152485666711091,-0.111110575419973,-0.04609070236776,-0.018201112497899,0.005699921365835,-0.001889247556786,-0.0571891252414,0.039519726448159,-0.037843036102513,0.065748802966356,-0.015271877188729,0.072081745009149,-0.018490442311428,-0.025237488315788,0.074506833693802,0.08800751147187,0.009293977543114,0.197228399359874,-0.036249975758799,0.071467547114964,0.113937934837496,-0.136760086722585,0.013706230450463,0.037678056897191,-0.047805314982906,-0.204279087984692,-0.046892204924815,-0.00707500959356,-0.189744083031085,-0.022387690697519,-0.04121018479534,-0.051682925344613,-0.021535809125557,0.097903624049338,-0.006535517526793,0.087439207342383,0.181722317061245,-0.058193187917389,-0.070930723510429,0.016036493968566,-0.082887081373385,0.118061288829377,-0.02676657556395,-0.000804169781889,-0.003002432995249,-0.049961787107175,-0.087905275852586,-0.103697840237944,-0.026282226288288,-0.036659364003664,-0.171046835646801,0.098611520818292,0.11398853409286,0.047178316000565
Kidney,-0.792355471301596,0.337579925327879,-0.62065715191862,-0.105232882086103,-0.468812213490515,0.305559798342666,0.560234998233626,-0.479859829998883,0.027380246792511,-0.720311265546879,-0.750730681469208,0.033014359021577,0.33650320012442,-0.5407839199472,-0.548202829253332,0.225433293037182,-0.537443008109321,0.401068338592556,0.580567647693654,-0.76528277309911,-0.255834812693149,0.621702053914541,0.838071749601896,-0.140706248948441,0.371156364056652,-0.587686109690083,-0.740239490242313,0.149936174083608,-0.168496807811174,0.865229989682859,0.765356363760159,0.086754661833992,-0.869134717758642,0.377939129407195,0.516759510221165,-0.659432259317396,-0.251691445555579,0.720126620604694,0.84054367880129,-0.12915317405677,0.19417623290887,-0.660207108263567,-0.902281726345293,0.159459143379861,-0.138607070896782,0.7886880164725,0.585887239530245,0.015171382794942,-0.557773691695361,0.247683842792242,0.492318886074028,-0.513085154368106,0.402644264853469,-0.452506827102301,-1.0527475328128,-0.569516594111987,0.274815311104915,-0.549531329240186,0.509235757993363,-0.269912264701951,0.085054257457932
Thyroid,-0.439349598317574,0.104054019054845,-0.217127997018419,-0.028735647483948,-0.241162157924152,0.173626751440984,0.209968467521176,-0.225876702532074,0.098235250154464,-0.304086434704463,-0.353298511873896,0.051495461945029,-0.020100163981886,-0.261650841489344,-0.309894248614549,-0.039874631324947,-0.289898927421083,0.232193759379742,0.257270569634634,-0.264241046154482,-0.16846971855121,0.19291449605763,0.093103255431445,-0.076071078072609,0.107509783619827,-0.245370644602895,-0.433643250851445,0.078077866356903,-0.064573777832405,0.291896298177201,0.328202200528005,-0.044304660436667,-0.215542009613396,0.191211074460493,0.222932124118486,-0.221949419166139,-0.044010971446547,0.314221414449643,0.282241655172556,0.0257157206143,0.132897325627791,-0.185836295046712,-0.489021577949926,0.032285681608716,-0.042640999980189,0.2417355922369,0.31015153134611,0.06392963104322,-0.281333325282644,0.132258223136711,-0.022622567177185,-0.265341168660258,0.24619138935268,-0.115074309934406,-0.488780369599131,-0.207345266696189,0.215169911989195,-0.175701566378551,0.094806059519038,-0.174850370777034,0.162673214978926
Lymphnode,0.120939714511051,-0.01675480029276,0.001233598187665,0.140189305066976,-0.001314368262136,0.037994748984201,0.057692781535836,0.005295741813866,-0.021810853550704,-0.096602195983303,-0.017955159149413,0.019169815415187,-0.051992762857399,-0.0451363569042,-0.145381881994012,-0.148353276030291,-0.239807934965696,-0.182043683642618,-0.185608607386005,-0.121074527873642,0.208091872554444,0.163579856715625,0.307724356533657,0.215977855730485,-0.142945801996017,-0.201951826445821,0.1030253663071,-0.011100121439319,-0.002271103883603,-0.060378206089338,-0.156845552117945,-0.079666729330493,0.113832797473694,-0.118895842895647,-0.019047802754454,0.019082485394023,0.046077549915426,-0.01445169570765,0.300958066489347,0.084062485878486,0.055011856268984,0.096466118950478,0.005817468390863,0.057966465970293,0.127004877301028,0.187395468219847,0.045480195519457,0.322681175122552,-0.04072027566124,0.032188733638152,0.039383534579391,-0.101283968845774,-0.13771163013114,-0.062732864968883,-0.148488144991954,-0.090485137123771,-0.076137744141622,-0.027757098179722,-0.010413035772614,0.004423282515459,-0.168823976380027
Artery,-0.215828014738118,-0.066363450497436,-0.167675179555675,-0.248394397732733,-0.067863624071751,0.213744531930356,0.20329105423538,-0.06275891694134,0.011674420845186,-0.232111848992639,-0.229016328802942,-0.102121815160341,0.183052237022239,0.126564332567831,-0.345388611537186,-0.072416135829528,-0.252868526184469,0.10857078224626,0.127771533302608,-0.1887430550105,0.130125373258615,0.389381043001181,0.059202774915694,0.233000506247885,0.099576804564795,-0.190936992676127,-0.120075444288685,0.107490279662489,-0.224483109981853,0.078571343649738,-0.016475810199083,-0.075845735473602,-0.323922828335795,0.017919780474674,0.096162947254067,-0.411353667202517,-0.145186564210309,0.079572808218886,-0.053042220648458,-0.089467120540616,0.152532257163132,-0.223728845286741,-0.41654793104363,-0.036556755939467,-0.053919351185281,0.266040533793421,0.281659314197264,0.166389888098571,0.106409972453565,0.174810373165424,0.160886545953603,0.067478757926988,0.046756012150751,-0.194716198525039,-0.25494772961798,-0.148982750288848,-0.014263833875396,-0.296986272310794,0.584472715589611,0.37788513864956,0.189601329390175
Brain,0.263607939298468,0.304044116598187,0.259952793499382,0.177335249338128,0.086141072420219,0.083871253626704,0.067617570908594,0.052667878860145,0.119550773578898,0.109700494755274,0.055547334820747,0.050073324572846,-0.095525434550413,-0.077046526172324,8.42358040187406E-06,-0.213437478508258,-0.008021905687188,-0.035438224023448,-0.166740046284325,0.008110342893579,-0.160632413219578,-0.147759934495379,-0.227127688757371,-0.203707336778937,-0.179003109607501,-0.105016525817814,-0.045812911270497,-0.187055627973933,0.017005164736505,-0.1315425197395,-0.253721371851847,0.045466919353631,0.21749156896827,0.136294678397952,0.028941077465275,0.208238261064746,0.035320240950527,-0.017875797237932,-0.098115980283572,0.07869000871973,0.031221430369483,0.068920728970163,-0.004641284676983,-0.197642535826721,0.04771269211438,-0.013762407943068,-0.127772156822758,0.027255378878516,-0.091666577609097,-0.022108270746285,-0.059655093575803,-0.065673311410163,0.196606656380839,0.177338205226846,0.084545978359043,0.000668349465911,0.167634917360624,0.186822240556724,0.115952424867009,0.003956011701378,-0.014970030367186
Nerve...Tibial,0.519104788627138,-0.159548433044818,0.180924069758078,-0.06690392780561,0.211359266012934,0.039507626230044,0.002485922510989,0.269384407969336,0.080474779600631,0.300937698288365,0.086194062277494,-0.367448593288042,-0.07842699703486,0.257519423448093,0.258772629471502,-0.129854900274365,-0.063253670465255,-0.126801235083669,-0.279373777839518,0.108450687887504,0.119150727950767,-0.166093571850038,-0.269233427147393,0.134553513231856,-0.210602545784584,0.246964175861028,0.339265789168912,-0.077840709812877,-0.276226352663201,-0.477257461801837,-0.467870966327417,-0.24044259492818,0.137335922659056,-0.066028126610987,-0.123446644016668,0.241226003847324,0.199062219262984,-0.154201750142044,-0.343436693840147,0.199653970871372,-0.089887110337341,0.185875215911138,0.339368816907115,-0.084233235880205,0.304225197586129,-0.139472957690151,-0.078585133494734,0.078453332902072,0.436590794649953,-0.00615639468856,-0.327736516523484,0.301320038932921,0.003356347803296,0.28851317825129,0.502520908541997,0.056631039424937,-0.075648574993286,0.279635775169909,0.307997556088883,0.606813909399737,0.096074442499247
Gallbladder,0.187261329322954,0.047695757838743,0.252971778896103,-0.082763757195428,0.128402905131243,0.009110074583867,-0.134712584485454,0.203585915744007,0.110459470492115,0.227996284155829,0.247901304348614,0.016314397764098,-0.194892045129488,0.016147046066642,0.271285909384156,-0.017122633427238,0.279204986738782,-0.172699747320825,-0.037958277327577,0.092856608637087,-0.070510739669707,-0.20704266072149,-0.282956980621726,-0.013644519798355,-0.06916085929042,0.223869363553847,0.246811098449423,-0.044231563470841,0.014931560005478,-0.312931076971699,-0.25931170428245,-0.013368167894302,0.132386004752066,-0.003363687139815,-0.075388089465573,0.199853424435097,-0.009751325898087,-0.183986300031719,-0.143560644736775,0.03079856811148,-0.079022530759824,0.12471983308552,0.169851775744239,-0.033952355151779,0.063290340044804,-0.152600215145943,-0.269802184024583,-0.100841108108689,0.148615606865595,-0.211406212592039,-0.261916028756477,0.110657708243218,-0.050172196809556,0.053003944074772,0.255951012274802,0.186462419492434,-0.205688318137137,-0.006609644165891,-0.189960823761445,0.080268861470998,-0.03537134023342
Uterus,-0.619965847866722,0.011476788471302,-0.438073232689671,-0.1418645242589,-0.108459872779749,0.128585400748426,0.336245014005042,-0.204571448238704,-0.00968738568278,-0.306867277314947,-0.104985330030414,0.260024104827314,0.177649653718888,-0.08413250358399,-0.223962252340015,0.049294549610385,-0.277994613656459,-0.104838672750842,0.005727988549923,-0.445002417813307,0.06420016393175,0.435124856651756,0.471550335263668,0.071197433278556,0.196049244373124,-0.22245680311286,-0.256189370005868,0.255021723157269,-0.042344002675616,0.246428889040707,0.212057348063735,-0.05893852590446,-0.444477423754388,0.054359510485898,0.04916181092362,-0.555083029344796,-0.132832582814976,0.204607720309279,0.36580698221459,-0.11600001959188,0.203422181774038,-0.04910349160602,-0.129071732153533,0.361672582939209,-0.131860149922443,0.191275960396789,0.221096586150996,-0.199355517301829,-0.068291272411879,0.128442958288081,0.327147627606173,-0.058823148696899,-0.183003201615181,-0.46831705182363,-0.502391550223291,-0.289808143809689,-0.051049360116658,-0.360915167639177,0.293922423078229,-0.085334809232059,-0.382018624966253
Pituitary,0.194298839039795,-0.005392720742206,0.151133316077264,0.23508224461903,0.097073048704618,-0.153997866682036,-0.126421698835749,-0.085173846728292,0.030175469433542,0.284770070191899,0.221829507887249,0.067998074108836,-0.214924858853321,0.012529033279026,0.302923386570521,-0.008297489261041,0.259322999333098,-0.090613280218033,-0.12970831587321,0.235733598971284,-0.031969746428094,-0.214682271894387,0.04247318854642,-0.133848822784642,-0.010081059087345,0.054849869663964,0.269381744470296,-0.085048145614129,0.242226004318451,-0.148278416196579,0.062059095792421,0.163760553127978,0.066503914557676,-0.150401504866167,-0.206760514914925,0.155458519304329,0.129953123865949,-0.112919228736686,0.07014878641517,-0.090776107549922,-0.028264873353642,0.270626945798326,0.232645161621575,-0.183341333133596,0.053046421991034,-0.106609042257987,-0.148952218656207,0.260246567261673,-0.221394041917104,-0.203001147760034,-0.275951447433934,-0.029647323605024,-0.154578667491096,0.094450870905216,0.429292486577408,0.182027570112956,-0.02414237604052,0.245267675348151,-0.15387682848594,-0.126458483573979,-0.141548604555597
Colon,-0.367635296145204,-0.148970526024172,-0.423823343450936,-0.159425567131723,-0.235037391431815,0.112248853380117,0.352928371945208,-0.237573586796164,-0.042568101857872,-0.347678861365852,-0.306619536849367,0.080727964261143,0.418241140671505,-0.087142043154459,-0.14431115245273,0.146436830609794,-0.152406130370569,0.095479442378019,0.248277180960985,-0.273644253783973,0.107902486399608,0.468833309311602,0.51696076875576,-0.003088042772534,0.349881102596577,-0.261720027744459,-0.094522145332659,0.176955868454139,0.025099119677044,0.489306553618217,0.418671466010806,0.016426272285411,-0.360611090421336,-0.094510870895471,0.050662658250182,-0.478329180677039,-0.148776071385337,0.184929569366098,0.523644118725905,-0.257951682721956,0.170499461505099,-0.270761633653234,-0.127856029917705,0.291151188342864,-0.318107521037361,0.308290103474711,0.172759945738444,-0.342189815486257,-0.00297069425748,0.22707283589389,0.483594749413567,-0.108209289623555,-0.031160244388725,-0.402124153861033,-0.334664465261782,-0.283292706331374,-0.055700933968906,-0.437335370500808,-0.108554458825788,-0.223458949894324,-0.176383461687471
Vagina,-0.436831101392937,-0.133698528924456,-0.226907488087212,-0.159781738683997,-0.141804533199138,0.252103269889168,0.174957575676882,-0.079613374878367,0.073106513828713,-0.151123765029324,-0.149457779664084,0.090102267595859,0.226484798764601,-0.135127682898949,-0.113422042202296,0.007846557478278,-0.379850342612962,0.125850637566764,0.001651219170368,-0.085564392128034,0.14741500405041,0.394629854510307,0.466202663176747,0.06054697679135,0.201623425642607,-0.221671354021412,0.112438518204173,0.193300443203419,-0.638880937236577,0.331955401319903,0.109928643991341,0.051590017879144,-0.525415229968584,0.106003649788433,0.069455026267583,-0.210732788723115,-0.330826767218972,0.077995385405046,0.193709807080931,-0.153560173065083,0.216276575347255,-0.150892228511241,-0.152748953819767,0.111531279442403,-0.21175763898105,0.139746562263902,0.024511430627964,-0.462734333396699,0.073429653025403,0.162209623097305,0.67255087141111,0.23191192078052,0.119536700592608,-0.393919870022055,-0.171884776463619,-0.408959924042906,-0.012456207287729,-0.17679580960752,-0.125505535304925,-0.190812542378775,-0.300966844840423
Duodenum,0.353928122412654,-0.069692650843649,0.211654183546638,0.023936062873433,0.187727772712295,-0.261471042420627,-0.317879781758204,0.153697766668955,0.002160751795512,0.440462218733426,0.207085656633819,-0.080427350483573,-0.065356209729286,0.378809635323302,0.226658392285601,-0.181932705349373,0.262411747678876,-0.105119887394435,-0.213983310337526,0.244803436123627,0.208962110917408,-0.322598758765993,-0.24849737263036,0.183120132861872,0.004970589961736,0.155951204463661,0.298037690898154,0.021406117065617,0.090090551492552,-0.228067860342182,-0.178245765435138,0.022429370137789,0.166185326734697,-0.143559707391315,-0.132663820434205,0.240605308015641,0.009399935304168,-0.323928858071951,-0.087051394847382,0.04381207341732,-0.040963552499872,0.391185683818952,0.422368933088179,0.017999796525138,-0.027830467960145,-0.349923300374175,-0.234910532237514,0.081899089958968,0.25817759995979,-0.189478768558653,-0.219726189078443,0.092272424434725,-0.234704347257881,0.177306071636974,0.564224087209124,0.299545493498514,-0.305017020541835,0.070951868159079,-0.371183015474491,-0.21305563879531,-0.25916803242459
Fat,-0.045201066163929,0.108504080023196,-0.085504491561292,-0.068793234777011,-0.08357750891947,0.091260340780257,-0.122501201389035,-0.030950274198391,0.031091405909499,-0.066562063336987,-0.244390225839551,-0.144597166400942,0.155109213905369,0.019621333837225,-0.096748894921152,0.050706377152257,0.163631250703008,0.23230627742429,0.302224220091431,0.198461046044242,-0.241220409979837,0.015018500430061,-0.007444170124945,-0.163128828160242,0.208856433650273,0.004369658674471,-0.151347401018397,0.017792291757607,-0.189285285139451,0.196897313732508,0.186103195267148,-0.1963514138542,-0.132304114650439,0.181984896055717,0.098233148532271,-0.127169537159779,-0.109220205513225,0.157288792474784,-0.070721582226903,-0.0591525180383,0.020155684742984,-0.152804903659415,-0.147754488398247,-0.042861068012625,-0.171999227426232,0.011175136105352,0.076188108203254,-0.283624780897535,-0.061042724216787,-0.00052357709188,-0.072270257432771,-0.113370731268764,0.266734378405642,0.005084497245235,-0.046499620226574,0.053691653815863,0.136248599135247,-0.165412960125596,0.154507065355619,0.042689897339533,0.317224707295346
Stomach,0.013292242439703,0.094421865390654,0.083162436750638,0.033060572027699,-0.043804511584456,-0.033144821849537,-0.229496748218969,0.112771852016847,-0.08999543084046,-0.066476877713274,0.113217710998935,0.090219703467595,-0.079474295908079,0.010078160209276,0.03673977140671,-0.055635541399924,-0.045380317218508,0.035235782496399,-0.118711596805512,0.069573497751852,-0.020011071020474,-0.042774063543011,-0.048629780105416,0.019560885948551,-0.065237331745553,0.154652261937011,-0.039417641439264,-0.03063048038596,0.187768073879881,-0.100636436393745,-0.080077558317411,0.021891410771575,0.066048684892198,-0.109730802579453,0.021137637097866,0.014804654495921,-0.001362867025301,-0.070143573398286,-0.024914103517444,0.046217540329329,-0.023285142967583,0.002052726660646,0.015018571655338,-0.014626483413007,0.104117527561546,-0.025277868713656,-0.030840854349013,0.008967644271085,-0.02657937926862,-0.006995329828422,-0.105908860250991,0.046004108282269,-0.09482441202201,0.037122290631247,0.119728972437522,0.051477372557658,0.031605257939424,-0.034665858663334,0.182373361805102,0.236065594813495,0.039693030048014
Adrenal,-0.044565571523921,0.020944824187196,0.042033688468188,-0.060930956789219,0.038007952523604,-0.070465952511764,-0.101695255301814,0.157187261324274,-0.010401467118984,-0.006489546974369,0.005525255608749,-0.099579367613599,-0.111904323786473,0.001499293802097,-0.010465802861214,-0.030412805642702,0.259433533964066,0.098105483654674,0.120273752189874,0.145130515706314,-0.005956732910234,-0.012898769263983,-0.155465649263731,0.014356806315484,-0.127649014132289,0.072752271027012,-0.083578590477934,-0.022817478836363,0.025914636318712,-0.136239400288525,0.002950462885538,-0.068241854660867,0.144090597007106,0.056478406961837,0.085114021128283,0.239173839426213,0.117605866165576,-0.001320924679843,0.009147170068299,0.121563365608212,-0.068111879930011,-0.052861324825026,-0.052789710569053,-0.095036350289794,-0.020415587047267,-0.124038487861093,-0.03997187085244,-0.047404907139428,0.14250628127124,-0.064967778037475,-0.220482747972035,0.007575035912275,0.055057572974238,0.090761181019252,0.065393275246157,0.179555182947972,-0.00788630358292,0.074006494381228,-0.264750893312395,-0.168376702567128,0.263491924109616
Fallopiantube,0.152980918726002,-0.2577189471285,-0.203596281153987,-0.121072412264166,0.0555031404232,-0.112034406368734,0.097772228361292,-0.161038986128446,0.080197405829325,0.016082427852655,0.231531613741871,0.132532597300877,-0.012128532578825,0.003291287515953,0.17652878059097,0.144557429442412,-0.203241901964317,-0.1585220529248,-0.102540921372399,-0.206039266203406,-0.025805495328923,0.074975987173926,0.345624647562255,-0.031102202226885,0.027507875130704,-0.209683463361003,0.160390752843867,0.106356043046308,0.078439867161396,0.373250367910539,0.271908749022018,0.128593085691317,-0.248150769472987,-0.258711096925365,-0.177833942428761,-0.248653411148116,0.018287634585822,0.020375535414092,0.354742137076546,-0.178029208384635,0.173993902995739,0.051979496170874,0.30900411060135,0.290657185291369,-0.05547939960111,0.010451126525185,-0.00095362950473,-0.214271012271638,-0.021368544876856,-0.03404412692255,0.273322728580055,-0.029463709843297,-0.298064230220412,-0.230869449397358,0.164183364935179,-0.12917708526957,-0.077881145043256,-0.135633461903068,-0.190836436201813,-0.17315737763548,-0.25909501068327
Smoothmuscle,-0.377814689560856,0.049501403296662,-0.263604767150185,-0.061309774385362,-0.19314621646673,0.127791004154294,0.35397477018494,-0.248617990708905,0.07899614650534,-0.284006589716249,-0.181611104472307,0.197777325445523,0.169205049246788,-0.124039357085879,-0.295954750043424,-0.094209623048958,-0.367707215197421,-0.091215848140474,0.142158661629553,-0.349118919399275,-0.016850521176006,0.291145582620689,0.341433756546848,-0.063178731017309,0.119914323733501,-0.258555838825769,-0.241232282211189,0.261284436733311,-0.20038740443507,0.279317700680307,0.163613803923006,0.006665868980311,-0.342710822265789,0.081640034755467,0.096648648402362,-0.335823552674414,-0.137751549054962,0.263261943589017,0.360712488445359,-0.070881143743906,0.225254721773527,-0.114389852246075,-0.200583408727634,0.187892101928202,-0.112796243245096,0.355767084285073,0.11857549169135,-0.101209980962868,-0.299727059903744,0.044284788866557,0.317355397234889,-0.223476922678865,0.063280423525072,-0.389099985629704,-0.509632748709158,-0.403734212664077,-0.01600861423346,-0.358983172680812,0.430671553606732,0.009024525758767,-0.117620991287738
Pancreas,0.322840827752861,-0.083850910829284,0.302244960998042,0.10389432410187,0.180568066751501,-0.173506481233739,-0.35670554541496,0.190306562464283,-0.13711477169706,0.227053703062145,0.394140080688717,0.07425992462267,-0.179324755929941,0.129210336778286,0.304106984787056,0.038378217656498,0.26856675493605,-0.032323628888125,-0.174467926285841,0.230540874342077,-0.016860807351556,-0.319624847500067,-0.257896245085642,0.008553639698193,-0.17253890938727,0.148270245324338,0.300981239004015,-0.190446506314996,0.220758863396418,-0.291457651225321,-0.211432992755613,0.058306680357073,0.381641697523045,-0.026911622232398,-0.200018073810458,0.373002614395262,0.076657682840251,-0.32138244946439,-0.308182640817724,0.054624088684327,-0.203202949991275,0.169661178958423,0.227887514966489,-0.212027318918625,0.23731736601498,-0.254904341099232,-0.204603963142379,0.110382875165253,0.101134515443906,-0.20105860695117,-0.267671494157957,0.035185264302868,0.041569046933629,0.33927570903823,0.359168885710065,0.265038165657807,-0.049215480622962,0.287325999434826,-0.215972095368876,0.124273701033409,-0.006281026355196
Ovary,-0.11266628010794,-0.022952257199712,-0.215507665499204,-0.05881690748208,-0.117848134483338,0.116553289619375,0.089958118585702,0.019378627162739,0.047655418125938,-0.101455892034021,-0.083994698316608,-0.077196390223558,0.174648349231847,0.074321939079436,-0.109492357260417,-0.006512892782024,-0.047270725531441,0.04058128349178,0.068514370416828,-0.113735473034314,0.111895127667008,0.147095063512788,0.171188144752756,0.088096431560861,0.058433864288314,-0.076469913227717,0.012167156270202,0.132185300758903,-0.020163690021825,-0.030020448110857,0.02822842213543,-0.207311293711771,-0.222146365728102,-0.051472576739312,-0.002885330624964,-0.149541420979771,-0.086671874951895,0.024109427994074,0.086382557144097,-0.120807722467177,0.045450742071218,-0.030072317412149,-0.016036236929536,0.178990190372548,-0.077531055464707,0.123685963044579,0.102533992725833,0.000547701736718,-0.013916368136215,0.063280445254612,0.198103312574594,0.029275279703609,-0.066979127280554,-0.228139010861589,-0.175975429757652,-0.112261339491599,-0.04830214250364,-0.253114570660431,0.140546882828318,-0.012155379678444,-0.078095756613066
